state,Utility,Policy
a1,31.536351165980797,E
a2,51.72839506172839,E
a3,74.44444444444444,E
a4,100.0,
b1,-100.0,
b3,-100.0,
b2,-100.0,
b4,74.44444444444444,N
c1,9.023244451960835,E
c2,26.40115000845594,E
c3,45.95129375951293,E
c4,67.94520547945204,N
